{
	"id": "a631131ef8c2c1b81432a7e141bd86a9",
	"_format": "hh-sol-build-info-1",
	"solcVersion": "0.8.7",
	"solcLongVersion": "0.8.7+commit.e28d00a7",
	"input": {
		"language": "Solidity",
		"sources": {
			"contracts/mycontract.sol": {
				"content": "// SPDX-License-Identifier: GPL-3.0\n\npragma solidity >= 0.5.0 < 0.9.0;\n\n// contract Array\n// {\n//     uint[3] public arr;\n//     uint public count;\n//     function loop() public{\n//         while(count<arr.length)\n//         {\n//             arr[count] = count;\n//             count ++;\n//         }\n//     }\n// }"
			}
		},
		"settings": {
			"optimizer": {
				"enabled": false,
				"runs": 200
			},
			"outputSelection": {
				"*": {
					"": [
						"ast"
					],
					"*": [
						"abi",
						"metadata",
						"devdoc",
						"userdoc",
						"storageLayout",
						"evm.legacyAssembly",
						"evm.bytecode",
						"evm.deployedBytecode",
						"evm.methodIdentifiers",
						"evm.gasEstimates",
						"evm.assembly"
					]
				}
			}
		}
	},
	"output": {
		"sources": {
			"contracts/mycontract.sol": {
				"ast": {
					"absolutePath": "contracts/mycontract.sol",
					"exportedSymbols": {},
					"id": 2,
					"license": "GPL-3.0",
					"nodeType": "SourceUnit",
					"nodes": [
						{
							"id": 1,
							"literals": [
								"solidity",
								">=",
								"0.5",
								".0",
								"<",
								"0.9",
								".0"
							],
							"nodeType": "PragmaDirective",
							"src": "37:33:0"
						}
					],
					"src": "37:276:0"
				},
				"id": 0
			}
		}
	}
}