{
	"id": "7ed27c64cb99856b3f11682b3b3c3251",
	"_format": "hh-sol-build-info-1",
	"solcVersion": "0.8.7",
	"solcLongVersion": "0.8.7+commit.e28d00a7",
	"input": {
		"language": "Solidity",
		"sources": {
			"contracts/lottery.sol": {
				"content": "// SPDX-License-Identifier: GPL-3.0\n\npragma solidity > 0.5 < 0.9;\n"
			}
		},
		"settings": {
			"optimizer": {
				"enabled": false,
				"runs": 200
			},
			"outputSelection": {
				"*": {
					"": [
						"ast"
					],
					"*": [
						"abi",
						"metadata",
						"devdoc",
						"userdoc",
						"storageLayout",
						"evm.legacyAssembly",
						"evm.bytecode",
						"evm.deployedBytecode",
						"evm.methodIdentifiers",
						"evm.gasEstimates",
						"evm.assembly"
					]
				}
			}
		}
	},
	"output": {
		"sources": {
			"contracts/lottery.sol": {
				"ast": {
					"absolutePath": "contracts/lottery.sol",
					"exportedSymbols": {},
					"id": 2,
					"license": "GPL-3.0",
					"nodeType": "SourceUnit",
					"nodes": [
						{
							"id": 1,
							"literals": [
								"solidity",
								">",
								"0.5",
								"<",
								"0.9"
							],
							"nodeType": "PragmaDirective",
							"src": "37:28:0"
						}
					],
					"src": "37:29:0"
				},
				"id": 0
			}
		}
	}
}