{
	"id": "9344c6069b59cccc7253d9df347aa334",
	"_format": "hh-sol-build-info-1",
	"solcVersion": "0.8.7",
	"solcLongVersion": "0.8.7+commit.e28d00a7",
	"input": {
		"language": "Solidity",
		"sources": {
			"contracts/lottery.sol": {
				"content": "// SPDX-License-Identifier: GPL-3.0\npragma solidity >= 0.5.0 <= 0.9.0;\n\n\n"
			}
		},
		"settings": {
			"optimizer": {
				"enabled": false,
				"runs": 200
			},
			"outputSelection": {
				"*": {
					"": [
						"ast"
					],
					"*": [
						"abi",
						"metadata",
						"devdoc",
						"userdoc",
						"storageLayout",
						"evm.legacyAssembly",
						"evm.bytecode",
						"evm.deployedBytecode",
						"evm.methodIdentifiers",
						"evm.gasEstimates",
						"evm.assembly"
					]
				}
			}
		}
	},
	"output": {
		"sources": {
			"contracts/lottery.sol": {
				"ast": {
					"absolutePath": "contracts/lottery.sol",
					"exportedSymbols": {},
					"id": 2,
					"license": "GPL-3.0",
					"nodeType": "SourceUnit",
					"nodes": [
						{
							"id": 1,
							"literals": [
								"solidity",
								">=",
								"0.5",
								".0",
								"<=",
								"0.9",
								".0"
							],
							"nodeType": "PragmaDirective",
							"src": "36:34:0"
						}
					],
					"src": "36:37:0"
				},
				"id": 0
			}
		}
	}
}