{
	"id": "99ae747a32fcc369225064eb227ed8e7",
	"_format": "hh-sol-build-info-1",
	"solcVersion": "0.8.7",
	"solcLongVersion": "0.8.7+commit.e28d00a7",
	"input": {
		"language": "Solidity",
		"sources": {
			"contracts/mycontract.sol": {
				"content": "// SPDX-License-Identifier: GPL-3.0\n\npragma solidity >= 0.5.0 < 0.9.0;\n\n// contract Array\n// {\n//     uint[3] public arr;\n//     uint public count;\n//     function loop() public{\n//         while(count<arr.length)\n//         {\n//             arr[count] = count;\n//             count ++;\n//         }\n//     }\n// }\n\n// contract IfElse\n// {\n//     function check(int a) public pure returns(string memory)\n//     {\n//         string memory value;\n//         if(a>0)\n//         {\n//             value = \"Greater than zero\";\n//         }\n//         else if (a==0)\n//         {\n//             value = \"Equal to zero\";\n//         }\n//         else{\n//             value = \"Lesss than zero\";\n//         }\n//         return value;\n//     }\n// }\n\n// struct Student{\n//     uint roll;\n//     string name;\n// }\n\n// contract structure\n// {\n//     Student public s1;\n\n//     constructor(uint _roll, string memory name)\n//     {\n//         s1.roll = _roll;\n//         s1.name = name;\n//     }\n\n//     function change(uint _roll, string memory _name) public\n//     {\n//         Student memory new_student=Student({\n//             roll: _roll,\n//             name: _name\n//         });\n//         s1 = new_student;\n//     }\n\n// }\n"
			}
		},
		"settings": {
			"optimizer": {
				"enabled": false,
				"runs": 200
			},
			"outputSelection": {
				"*": {
					"": [
						"ast"
					],
					"*": [
						"abi",
						"metadata",
						"devdoc",
						"userdoc",
						"storageLayout",
						"evm.legacyAssembly",
						"evm.bytecode",
						"evm.deployedBytecode",
						"evm.methodIdentifiers",
						"evm.gasEstimates",
						"evm.assembly"
					]
				}
			}
		}
	},
	"output": {
		"sources": {
			"contracts/mycontract.sol": {
				"ast": {
					"absolutePath": "contracts/mycontract.sol",
					"exportedSymbols": {},
					"id": 2,
					"license": "GPL-3.0",
					"nodeType": "SourceUnit",
					"nodes": [
						{
							"id": 1,
							"literals": [
								"solidity",
								">=",
								"0.5",
								".0",
								"<",
								"0.9",
								".0"
							],
							"nodeType": "PragmaDirective",
							"src": "37:33:0"
						}
					],
					"src": "37:1176:0"
				},
				"id": 0
			}
		}
	}
}