{
	"id": "db78f1feff3eff00b9709b13b17e6cda",
	"_format": "hh-sol-build-info-1",
	"solcVersion": "0.8.7",
	"solcLongVersion": "0.8.7+commit.e28d00a7",
	"input": {
		"language": "Solidity",
		"sources": {
			"contracts/lottery.sol": {
				"content": "// SPDX-License-Identifier: GPL-3.0\n"
			}
		},
		"settings": {
			"optimizer": {
				"enabled": false,
				"runs": 200
			},
			"outputSelection": {
				"*": {
					"": [
						"ast"
					],
					"*": [
						"abi",
						"metadata",
						"devdoc",
						"userdoc",
						"storageLayout",
						"evm.legacyAssembly",
						"evm.bytecode",
						"evm.deployedBytecode",
						"evm.methodIdentifiers",
						"evm.gasEstimates",
						"evm.assembly"
					]
				}
			}
		}
	},
	"output": {
		"errors": [
			{
				"component": "general",
				"errorCode": "3420",
				"formattedMessage": "Warning: Source file does not specify required compiler version! Consider adding \"pragma solidity ^0.8.7;\"\n--> contracts/lottery.sol\n\n",
				"message": "Source file does not specify required compiler version! Consider adding \"pragma solidity ^0.8.7;\"",
				"severity": "warning",
				"sourceLocation": {
					"end": -1,
					"file": "contracts/lottery.sol",
					"start": -1
				},
				"type": "Warning"
			}
		],
		"sources": {
			"contracts/lottery.sol": {
				"ast": {
					"absolutePath": "contracts/lottery.sol",
					"exportedSymbols": {},
					"id": 1,
					"license": "GPL-3.0",
					"nodeType": "SourceUnit",
					"nodes": [],
					"src": "36:0:0"
				},
				"id": 0
			}
		}
	}
}